iter	Logloss
0	0.5936211987
1	0.5399256056
2	0.5030427451
3	0.483030116
4	0.4689924294
5	0.4561003498
6	0.4473339045
7	0.4410608024
8	0.4350135875
9	0.4286395492
